"Submission","n","Age_mean","Age_sd","Age_se"
"",3,NA,NA,NA
"Choke",32,33.0625,7.94715408586722,1.40487163631277
"Non-Choke",30,31.6333333333333,7.4068157490402,1.35229335501128
